# Netlify redirects - migrated from Cloudflare
# Format: /old-path /new-path status

# Old site structure redirects
/1-to-1-therapy/                                      /one-to-one-therapy/                                                      301
/about/                                               /about-giselle-monbiot-integrative-therapist-and-breathwork-facilitator/  301
/about/breathwork/                                    /breathwork/                                                              301
/about/conscious-connected-breathwork/                /breathwork/                                                              301
/about/release-and-renew-retreat/                     /courses-and-events/                                                      301
/course/courses-and-events/                           /courses-and-events/                                                      301
/courses/                                             /courses-and-events/                                                      301
/courses/breathwork/                                  /breathwork/                                                              301
/meditation/                                          /breathwork/                                                              301

# Typo fixes
/concious-connected-breathwork-in-person/             /conscious-connected-breathwork-in-person/                                301

# Old articles - redirect to relevant current content
/compassionate-inquiry-practitioner/                  /one-to-one-therapy/                                                      301
/solstice-sanctuary-a-day-of-presence-expansion/      /courses-and-events/                                                      301

# IMPORTANT: Defence mechanisms article - redirect to grief article to recover SEO traffic
# This page was ranking #1 for "stages of grief" queries (2000+ impressions)
/understanding-defence-mechanisms-recognising-and-managing-them/    /discover-how-grief-moves-in-waves/    301

# Deleted events - redirect to events listing
/harmony-within/                                      /courses-and-events/                                                      301
/remembering-you/                                     /courses-and-events/                                                      301

# 404 fallback
/*                                                    /404.html                                                                 404
